continent,beer_servings,spirit_servings,wine_servings,total_litres_of_pure_alcohol
Africa,61.471698113207545,16.339622641509433,16.264150943396228,3.0075471698113208
Asia,37.04545454545455,60.84090909090909,9.068181818181818,2.1704545454545454
Europe,193.77777777777777,132.55555555555554,142.22222222222223,8.617777777777778
North America,145.43478260869566,165.7391304347826,24.52173913043478,5.995652173913044
Oceania,89.6875,58.4375,35.625,3.38125
South America,175.08333333333334,114.75,62.416666666666664,6.308333333333334
